<?xml version="1.0" encoding="UTF-8" ?>
<XMLDB PATH="admin/tool/ally/db" VERSION="20210512" COMMENT="XMLDB file for Moodle admin/tool/ally"
    xmlns:xsi="http://www.w3.org/2001/XMLSchema-instance"
    xsi:noNamespaceSchemaLocation="../../../../lib/xmldb/xmldb.xsd"
>
  <TABLES>
    <TABLE NAME="tool_ally_deleted_files" COMMENT="Stores a temporary history of deleted files">
      <FIELDS>
        <FIELD NAME="id" TYPE="int" LENGTH="10" NOTNULL="true" SEQUENCE="true"/>
        <FIELD NAME="courseid" TYPE="int" LENGTH="10" NOTNULL="true" SEQUENCE="false"/>
        <FIELD NAME="pathnamehash" TYPE="char" LENGTH="40" NOTNULL="true" SEQUENCE="false"/>
        <FIELD NAME="contenthash" TYPE="char" LENGTH="40" NOTNULL="false" SEQUENCE="false"/>
        <FIELD NAME="mimetype" TYPE="char" LENGTH="100" NOTNULL="false" SEQUENCE="false"/>
        <FIELD NAME="timedeleted" TYPE="int" LENGTH="10" NOTNULL="true" SEQUENCE="false"/>
      </FIELDS>
      <KEYS>
        <KEY NAME="primary" TYPE="primary" FIELDS="id"/>
      </KEYS>
    </TABLE>
    <TABLE NAME="tool_ally_deleted_content" COMMENT="Content which has been deleted">
      <FIELDS>
        <FIELD NAME="id" TYPE="int" LENGTH="10" NOTNULL="true" SEQUENCE="true"/>
        <FIELD NAME="component" TYPE="char" LENGTH="32" NOTNULL="true" SEQUENCE="false"/>
        <FIELD NAME="comptable" TYPE="char" LENGTH="32" NOTNULL="true" SEQUENCE="false"/>
        <FIELD NAME="comprowid" TYPE="int" LENGTH="10" NOTNULL="true" SEQUENCE="false"/>
        <FIELD NAME="compfield" TYPE="char" LENGTH="32" NOTNULL="true" SEQUENCE="false"/>
        <FIELD NAME="courseid" TYPE="int" LENGTH="11" NOTNULL="true" SEQUENCE="false"/>
        <FIELD NAME="timedeleted" TYPE="int" LENGTH="11" NOTNULL="true" SEQUENCE="false"/>
        <FIELD NAME="timeprocessed" TYPE="int" LENGTH="10" NOTNULL="false" SEQUENCE="false"/>
      </FIELDS>
      <KEYS>
        <KEY NAME="primary" TYPE="primary" FIELDS="id"/>
      </KEYS>
    </TABLE>
    <TABLE NAME="tool_ally_content_queue" COMMENT="Queue for content push notifications to be processed by task.">
      <FIELDS>
        <FIELD NAME="id" TYPE="int" LENGTH="10" NOTNULL="true" SEQUENCE="true"/>
        <FIELD NAME="comprowid" TYPE="int" LENGTH="10" NOTNULL="true" SEQUENCE="false"/>
        <FIELD NAME="component" TYPE="char" LENGTH="32" NOTNULL="true" SEQUENCE="false"/>
        <FIELD NAME="comptable" TYPE="char" LENGTH="64" NOTNULL="true" SEQUENCE="false"/>
        <FIELD NAME="compfield" TYPE="char" LENGTH="64" NOTNULL="true" SEQUENCE="false"/>
        <FIELD NAME="courseid" TYPE="int" LENGTH="10" NOTNULL="true" SEQUENCE="false"/>
        <FIELD NAME="eventtime" TYPE="int" LENGTH="10" NOTNULL="true" SEQUENCE="false"/>
        <FIELD NAME="eventname" TYPE="char" LENGTH="32" NOTNULL="true" SEQUENCE="false"/>
        <FIELD NAME="content" TYPE="text" NOTNULL="true" SEQUENCE="false"/>
        <FIELD NAME="attempts" TYPE="int" LENGTH="10" NOTNULL="true" DEFAULT="0" SEQUENCE="false"/>
      </FIELDS>
      <KEYS>
        <KEY NAME="primary" TYPE="primary" FIELDS="id"/>
      </KEYS>
      <INDEXES>
        <INDEX NAME="courseid" UNIQUE="false" FIELDS="courseid"/>
        <INDEX NAME="component" UNIQUE="false" FIELDS="component"/>
      </INDEXES>
    </TABLE>
    <TABLE NAME="tool_ally_log" COMMENT="Table for logging info, errors, etc">
      <FIELDS>
        <FIELD NAME="id" TYPE="int" LENGTH="10" NOTNULL="true" SEQUENCE="true"/>
        <FIELD NAME="time" TYPE="int" LENGTH="10" NOTNULL="true" SEQUENCE="false"/>
        <FIELD NAME="level" TYPE="char" LENGTH="12" NOTNULL="true" SEQUENCE="false"/>
        <FIELD NAME="code" TYPE="char" LENGTH="255" NOTNULL="false" SEQUENCE="false"/>
        <FIELD NAME="message" TYPE="text" NOTNULL="false" SEQUENCE="false"/>
        <FIELD NAME="explanation" TYPE="text" NOTNULL="false" SEQUENCE="false"/>
        <FIELD NAME="data" TYPE="text" NOTNULL="false" SEQUENCE="false"/>
        <FIELD NAME="exception" TYPE="text" NOTNULL="false" SEQUENCE="false"/>
      </FIELDS>
      <KEYS>
        <KEY NAME="primary" TYPE="primary" FIELDS="id"/>
      </KEYS>
      <INDEXES>
        <INDEX NAME="level" UNIQUE="false" FIELDS="level"/>
        <INDEX NAME="code" UNIQUE="false" FIELDS="code"/>
        <INDEX NAME="time" UNIQUE="false" FIELDS="time"/>
      </INDEXES>
    </TABLE>
    <TABLE NAME="tool_ally_course_event" COMMENT="Table for storing pending course events to push">
      <FIELDS>
        <FIELD NAME="id" TYPE="int" LENGTH="10" NOTNULL="true" SEQUENCE="true"/>
        <FIELD NAME="name" TYPE="char" LENGTH="15" NOTNULL="true" SEQUENCE="false"/>
        <FIELD NAME="time" TYPE="int" LENGTH="10" NOTNULL="true" SEQUENCE="false"/>
        <FIELD NAME="courseid" TYPE="int" LENGTH="10" NOTNULL="true" SEQUENCE="false"/>
      </FIELDS>
      <KEYS>
        <KEY NAME="primary" TYPE="primary" FIELDS="id"/>
      </KEYS>
    </TABLE>
    <TABLE NAME="tool_ally_file_in_use" COMMENT="Track files that are in use in their area.">
      <FIELDS>
        <FIELD NAME="id" TYPE="int" LENGTH="10" NOTNULL="true" SEQUENCE="true"/>
        <FIELD NAME="fileid" TYPE="int" LENGTH="10" NOTNULL="true" SEQUENCE="false"/>
        <FIELD NAME="contextid" TYPE="int" LENGTH="10" NOTNULL="true" SEQUENCE="false"/>
        <FIELD NAME="courseid" TYPE="int" LENGTH="11" NOTNULL="false" SEQUENCE="false"/>
        <FIELD NAME="inuse" TYPE="int" LENGTH="1" NOTNULL="true" DEFAULT="1" SEQUENCE="false"/>
        <FIELD NAME="needsupdate" TYPE="int" LENGTH="1" NOTNULL="true" DEFAULT="0" SEQUENCE="false"/>
      </FIELDS>
      <KEYS>
        <KEY NAME="primary" TYPE="primary" FIELDS="id"/>
        <KEY NAME="fileid" TYPE="foreign-unique" FIELDS="fileid" REFTABLE="files" REFFIELDS="id"/>
        <KEY NAME="contextid" TYPE="foreign" FIELDS="contextid" REFTABLE="context" REFFIELDS="id"/>
        <KEY NAME="courseid" TYPE="foreign" FIELDS="courseid" REFTABLE="course" REFFIELDS="id"/>
      </KEYS>
      <INDEXES>
        <INDEX NAME="needsupdate" UNIQUE="false" FIELDS="needsupdate"/>
      </INDEXES>
    </TABLE>
  </TABLES>
</XMLDB>
